<?xml version="1.0" encoding="UTF-8"?>
<configuration scan="true">

    <springProperty scope="context" name="SERVICE" source="spring.application.name"/>

    <property name="LOG_DIR" value="logs/"/>
    <property name="APP_LOG" value="${LOG_DIR}${SERVICE}.log"/>
    <property name="ERROR_LOG" value="${LOG_DIR}${SERVICE}-error.log"/>

    <property name="LOG_PATTERN"
              value="[%date{yyyy-MM-dd HH:mm:ss}] [%level] [%X{service}] [traceId=%X{traceId}] [spanId=%X{spanId}] [reqId=%X{requestId}] [user=%X{userId}] [%logger{36}:%line] - %msg%n"/>

    <!-- Async file logging -->
    <appender name="ASYNC" class="ch.qos.logback.classic.AsyncAppender">
        <queueSize>5000</queueSize>
        <appender-ref ref="ROLLING_FILE"/>
    </appender>

    <!-- Rolling file logs -->
    <appender name="ROLLING_FILE" class="ch.qos.logback.core.rolling.RollingFileAppender">
        <file>${APP_LOG}</file>

        <rollingPolicy class="ch.qos.logback.core.rolling.TimeBasedRollingPolicy">
            <fileNamePattern>${LOG_DIR}${SERVICE}.%d{yyyy-MM-dd}.gz</fileNamePattern>
            <maxHistory>14</maxHistory>
        </rollingPolicy>

        <encoder>
            <pattern>${LOG_PATTERN}</pattern>
        </encoder>
    </appender>

    <!-- Error file -->
    <appender name="ERROR_FILE" class="ch.qos.logback.core.rolling.RollingFileAppender">
        <file>${ERROR_LOG}</file>

        <rollingPolicy class="ch.qos.logback.core.rolling.TimeBasedRollingPolicy">
            <fileNamePattern>${LOG_DIR}${SERVICE}-error.%d{yyyy-MM-dd}.gz</fileNamePattern>
            <maxHistory>30</maxHistory>
        </rollingPolicy>

        <encoder>
            <pattern>${LOG_PATTERN}</pattern>
        </encoder>

        <filter class="ch.qos.logback.classic.filter.LevelFilter">
            <level>ERROR</level>
            <onMatch>ACCEPT</onMatch>
            <onMismatch>DENY</onMismatch>
        </filter>
    </appender>

    <!-- Console -->
    <appender name="CONSOLE" class="ch.qos.logback.core.ConsoleAppender">
        <encoder>
            <pattern>${LOG_PATTERN}</pattern>
        </encoder>
    </appender>

    <root level="INFO">
        <appender-ref ref="ASYNC"/>
        <appender-ref ref="ERROR_FILE"/>
        <appender-ref ref="CONSOLE"/>
    </root>

</configuration>
